﻿关于耀拟计划 & 免责声明,,,,,,
- 时间就是金钱，效率就是生命 -,,,,,,
000 - 自我提升,,,,400 - 生活,,
行动管理,,阿里云盘链接,,生活管理,,阿里云盘链接
时间管理,,阿里云盘链接,,形象提升,,阿里云盘链接
学习效率,,阿里云盘链接,,健康养生,,阿里云盘链接
文笔口才,,阿里云盘链接,,餐饮美食,,阿里云盘链接
思维认知,,阿里云盘链接,,商业知识,,阿里云盘链接
为人处事,,阿里云盘链接,,情感两性,,阿里云盘链接
100 - 幼儿到高中学习资料,,,,兴趣爱好,,阿里云盘链接
幼儿教育,,阿里云盘链接,,500 - 文学修养,,
小学初中教育,,阿里云盘链接,,人物传记,,阿里云盘链接
高中教育,,阿里云盘链接,,演讲演说,,阿里云盘链接
200 - 计算机编程教程,,,,传统国学,,阿里云盘链接
计算机基础,,阿里云盘链接,,600 - 职场相关,,
Python,,阿里云盘链接,,职场竞争力,,阿里云盘链接
Web前端,,阿里云盘链接,,领导能力,,阿里云盘链接
Android,,阿里云盘链接,,项目管理,,阿里云盘链接
300 - 软件教程,,,,平面设计,,阿里云盘链接
PPT教程,,阿里云盘链接,,人力资源,,阿里云盘链接
Word教程,,阿里云盘链接,,自媒体营销,,阿里云盘链接
Excel教程,,阿里云盘链接,,文案写作,,阿里云盘链接
PS教程,,阿里云盘链接,,各种模板,,阿里云盘链接
PR教程,,阿里云盘链接,,700 - 各类考证资料,,
摄影教程,,阿里云盘链接,,公务员考试,,阿里云盘链接
思维导图教程,,阿里云盘链接,,驾考资料,,阿里云盘链接
Anki教程,,阿里云盘链接,,,,阿里云盘链接
Powered by 凉风习~又一秋! v2021.12.12,,,,,,
